{
    "AB2": {
        "dt": [
            0.01,
            0.005,
            0.0025,
            0.00125,
            0.000625
        ],
        "error": [
            0.20271645013429992,
            0.04298864208054644,
            0.009770690333410468,
            0.0023177520056831442,
            0.0005637737689413478
        ]
    }
}