{
    "RK20*": {
        "dt": [
            0.0025,
            0.00125,
            0.000625,
            0.0003125
        ],
        "error": [
            0.009358963200057155,
            0.0064183519175550095,
            0.003620319873176147,
            0.0019101033314484928
        ]
    },
    "RK20": {
        "dt": [
            0.0025,
            0.00125,
            0.000625,
            0.0003125
        ],
        "error": [
            0.002040662752625965,
            0.00048224367843599405,
            0.00011718136802467107,
            2.8879705269604994e-05
        ]
    },
    "RK21": {
        "dt": [
            0.0025,
            0.00125,
            0.000625,
            0.0003125
        ],
        "error": [
            0.0021953888816267373,
            0.0005362393500460869,
            0.00013251305359068298,
            3.293673230026417e-05
        ]
    }
}