{
    "RK4000**": {
        "dt": [
            0.01,
            0.005,
            0.0025,
            0.00125,
            0.000625
        ],
        "error": [
            0.09120238748301177,
            0.027282092369880252,
            0.02787256689667306,
            0.0171275322125702,
            0.0093223818712694
        ]
    },
    "RK4000*": {
        "dt": [
            0.01,
            0.005,
            0.0025,
            0.00125,
            0.000625
        ],
        "error": [
            0.00010652631692764452,
            9.11973693441362e-05,
            1.6380942651952843e-05,
            2.360779187050564e-06,
            3.147140848274578e-07
        ]
    },
    "RK4000": {
        "dt": [
            0.01,
            0.005,
            0.0025,
            0.00125,
            0.000625
        ],
        "error": [
            0.0002023700440317416,
            1.3553327916616145e-05,
            7.745399767047872e-07,
            4.50756467199052e-08,
            2.699253755501038e-09
        ]
    },
    "RK4001": {
        "dt": [
            0.01,
            0.005,
            0.0025,
            0.00125,
            0.000625
        ],
        "error": [
            0.00020322125864852177,
            1.2734929083662791e-05,
            7.423848088094648e-07,
            4.43089406168983e-08,
            2.7192973877453018e-09
        ]
    },
    "RK4010": {
        "dt": [
            0.01,
            0.005,
            0.0025,
            0.00125,
            0.000625
        ],
        "error": [
            0.00020339069559012447,
            1.2578940500305467e-05,
            7.303385477183762e-07,
            4.320588842055691e-08,
            2.5957288742679337e-09
        ]
    },
    "RK4011": {
        "dt": [
            0.01,
            0.005,
            0.0025,
            0.00125,
            0.000625
        ],
        "error": [
            0.00020424139227407927,
            1.1760965531584161e-05,
            6.981814549377386e-07,
            4.2428818560514746e-08,
            2.6113794625738397e-09
        ]
    },
    "RK4100": {
        "dt": [
            0.01,
            0.005,
            0.0025,
            0.00125,
            0.000625
        ],
        "error": [
            0.00020253502156313975,
            1.3395389089621206e-05,
            7.677329229706098e-07,
            4.483832298662482e-08,
            2.690577283593048e-09
        ]
    },
    "RK4101": {
        "dt": [
            0.01,
            0.005,
            0.0025,
            0.00125,
            0.000625
        ],
        "error": [
            0.00020338331994750373,
            1.2579845819140893e-05,
            7.356486243367652e-07,
            4.407163934598765e-08,
            2.7120202354667795e-09
        ]
    },
    "RK4110": {
        "dt": [
            0.01,
            0.005,
            0.0025,
            0.00125,
            0.000625
        ],
        "error": [
            0.000203555880888165,
            1.2420806693708389e-05,
            7.235193956718069e-07,
            4.2966913443147765e-08,
            2.5870114348711336e-09
        ]
    },
    "RK4111": {
        "dt": [
            0.01,
            0.005,
            0.0025,
            0.00125,
            0.000625
        ],
        "error": [
            0.0002044036889127929,
            1.160565728447826e-05,
            6.914358231715373e-07,
            4.219019733554507e-08,
            2.6050764073644162e-09
        ]
    }
}