{
    "FE": {
        "dt": [
            0.01,
            0.005,
            0.0025,
            0.00125,
            0.000625
        ],
        "error": [
            0.057030457467646116,
            0.026730681627194178,
            0.012958898917002503,
            0.0063822723798020245,
            0.0031673669489795148
        ]
    }
}