{
    "RK300*": {
        "dt": [
            0.01,
            0.005,
            0.0025,
            0.00125,
            0.000625
        ],
        "error": [
            0.022251195873712236,
            0.16828995124859442,
            0.0769092538831403,
            0.03659746581849833,
            0.01782921976856785
        ]
    },
    "RK300**": {
        "dt": [
            0.01,
            0.005,
            0.0025,
            0.00125,
            0.000625
        ],
        "error": [
            0.032572724140132604,
            0.006592078040673664,
            0.0011307577953628967,
            0.0002229328971021518,
            4.8551383994282745e-05
        ]
    },
    "RK300": {
        "dt": [
            0.01,
            0.005,
            0.0025,
            0.00125,
            0.000625
        ],
        "error": [
            0.026444438362901307,
            0.002596754495084759,
            0.0003101022114463997,
            3.789808660718965e-05,
            4.684880372949841e-06
        ]
    },
    "RK301": {
        "dt": [
            0.01,
            0.005,
            0.0025,
            0.00125,
            0.000625
        ],
        "error": [
            0.02809897399301427,
            0.0030626560232579624,
            0.00035783286825573785,
            4.326522721875503e-05,
            5.319875366737753e-06
        ]
    },
    "RK310": {
        "dt": [
            0.01,
            0.005,
            0.0025,
            0.00125,
            0.000625
        ],
        "error": [
            0.026405085958986437,
            0.0025932367034575132,
            0.0003099664753643571,
            3.789254666631462e-05,
            4.684695918404874e-06
        ]
    },
    "RK311": {
        "dt": [
            0.01,
            0.005,
            0.0025,
            0.00125,
            0.000625
        ],
        "error": [
            0.028095976100972687,
            0.00306045030744993,
            0.00035775842074603313,
            4.326281172642061e-05,
            5.319876157778275e-06
        ]
    }
}