{
    "RK311": {
        "dt": [
            0.01,
            0.005,
            0.0025,
            0.00125,
            0.000625
        ],
        "error": [
            0.7435829820610266,
            0.04860536104529127,
            0.00463891955496944,
            0.0005107783857944091,
            6.002092591984743e-05
        ]
    }
}