{
    "RK300*": {
        "dt": [
            0.0025,
            0.00125,
            0.000625,
            0.0003125,
            0.00015625,
            7.8125e-05,
            3.90625e-05
        ],
        "error": [
            0.06507541552016899,
            0.032534964417634794,
            0.016317683511047933,
            0.008177712002514471,
            0.004094359709181445,
            0.0020486537720593267,
            0.0010247075953238435
        ]
    },
    "RK300**": {
        "dt": [
            0.0025,
            0.00125,
            0.000625,
            0.0003125,
            0.00015625,
            7.8125e-05,
            3.90625e-05
        ],
        "error": [
            0.06228731434744411,
            0.03115977387529788,
            0.01557586732545627,
            0.0077866298533772055,
            0.0038929516535768653,
            0.0019463803446414195,
            0.0009731657182966069
        ]
    },
    "RK300": {
        "dt": [
            0.0025,
            0.00125,
            0.000625,
            0.0003125,
            0.00015625,
            7.8125e-05,
            3.90625e-05
        ],
        "error": [
            0.06242371455993401,
            0.03116007030877565,
            0.015573126583950665,
            0.007785592919724243,
            0.003892648462338566,
            0.0019462990521100557,
            0.0009731447099280918
        ]
    },
    "RK301": {
        "dt": [
            0.0025,
            0.00125,
            0.000625,
            0.0003125,
            0.00015625,
            7.8125e-05,
            3.90625e-05
        ],
        "error": [
            0.06228477384974238,
            0.03114268951119525,
            0.015570954426988895,
            0.00778532146281869,
            0.003892614535089953,
            0.001946294812454702,
            0.0009731441783797924
        ]
    },
    "RK310": {
        "dt": [
            0.0025,
            0.00125,
            0.000625,
            0.0003125,
            0.00015625,
            7.8125e-05,
            3.90625e-05
        ],
        "error": [
            0.062423349924066035,
            0.031160066320846357,
            0.015573126656621496,
            0.007785592934295762,
            0.0038926484633632374,
            0.0019462990524349974,
            0.0009731447100959288
        ]
    },
    "RK311": {
        "dt": [
            0.0025,
            0.00125,
            0.000625,
            0.0003125,
            0.00015625,
            7.8125e-05,
            3.90625e-05
        ],
        "error": [
            0.06228477329781191,
            0.031142689995991787,
            0.01557095447347849,
            0.007785321466120664,
            0.003892614535431176,
            0.001946294812440518,
            0.0009731441780782428
        ]
    }
}