{
    "RK20*": {
        "dt": [
            0.0025,
            0.00125,
            0.000625,
            0.0003125
        ],
        "error": [
            0.23593297663156848,
            0.12249629736672124,
            0.062295441870085184,
            0.03139929322535039
        ]
    },
    "RK20": {
        "dt": [
            0.0025,
            0.00125,
            0.000625,
            0.0003125
        ],
        "error": [
            0.3846624435429311,
            0.19140913693689965,
            0.09545940319717439,
            0.04766669499767316
        ]
    },
    "RK21": {
        "dt": [
            0.0025,
            0.00125,
            0.000625,
            0.0003125
        ],
        "error": [
            0.38231796451485445,
            0.190863184527272,
            0.09532774730876392,
            0.047634373385011974
        ]
    }
}