{
    "AB2": {
        "dt": [
            0.01,
            0.005,
            0.0025,
            0.00125,
            0.000625
        ],
        "error": [
            0.09714962653054521,
            0.019605372062420818,
            0.004752203423371832,
            0.0011858714117396795,
            0.00031172304254444634
        ]
    }
}