{
    "AB2": {
        "dt": [
            0.01,
            0.005,
            0.0025,
            0.00125,
            0.000625
        ],
        "error": [
            0.09713595667257081,
            0.01958547166127648,
            0.004729699796070009,
            0.0011621952574124475,
            0.0002880901218112776
        ]
    }
}