{
    "RK21": {
        "dt": [
            0.01,
            0.005,
            0.0025,
            0.00125,
            0.000625
        ],
        "error": [
            0.07339668664687483,
            0.010104532334427128,
            0.002108048943859166,
            0.0004888770611915158,
            0.00011805112502674701
        ]
    }
}