{
    "RK20*": {
        "dt": [
            0.01,
            0.005,
            0.0025,
            0.00125,
            0.000625
        ],
        "error": [
            0.013149990489671772,
            0.006319106816622227,
            0.003106536033262045,
            0.0015419689407568961,
            0.0007684336042981838
        ]
    },
    "RK20": {
        "dt": [
            0.01,
            0.005,
            0.0025,
            0.00125,
            0.000625
        ],
        "error": [
            0.005770853899957789,
            0.0012681557859019472,
            0.00029779980804016013,
            7.21918143331873e-05,
            1.777441526441893e-05
        ]
    },
    "RK21": {
        "dt": [
            0.01,
            0.005,
            0.0025,
            0.00125,
            0.000625
        ],
        "error": [
            0.006179710752276307,
            0.0013973386520300557,
            0.00033262454654250115,
            8.11680278689303e-05,
            2.004953690085049e-05
        ]
    }
}