{
    "FE": {
        "dt": [
            0.0025,
            0.00125,
            0.000625,
            0.0003125
        ],
        "error": [
            0.007093314897767668,
            0.0034604919993767185,
            0.0017094442458967013,
            0.0008496103360842632
        ]
    }
}