{
    "RK4111": {
        "dt": [
            0.01,
            0.005,
            0.0025,
            0.00125,
            0.000625
        ],
        "error": [
            2.8634694273461996,
            1.26957830921232,
            0.6050305357992402,
            0.2957278823985247,
            0.14622683217568963
        ]
    }
}