{
    "RK4000**": {
        "dt": [
            0.01,
            0.005,
            0.0025,
            0.00125,
            0.000625
        ],
        "error": [
            1.2439424217371695,
            0.21682486159666747,
            0.1221353838132467,
            0.06401424132589274,
            0.032692196463549705
        ]
    },
    "RK4000*": {
        "dt": [
            0.01,
            0.005,
            0.0025,
            0.00125,
            0.000625
        ],
        "error": [
            0.8798738665998712,
            0.4217575865585157,
            0.2067486555601741,
            0.10234536860450864,
            0.05091648478033849
        ]
    },
    "RK4000": {
        "dt": [
            0.01,
            0.005,
            0.0025,
            0.00125,
            0.000625
        ],
        "error": [
            0.8795513250172544,
            0.42204744580988846,
            0.20677774468718424,
            0.10234853928864471,
            0.05091685179822178
        ]
    },
    "RK4001": {
        "dt": [
            0.01,
            0.005,
            0.0025,
            0.00125,
            0.000625
        ],
        "error": [
            0.8795509381754705,
            0.42204830324564113,
            0.20677739932414443,
            0.10234844507047496,
            0.050916828479750126
        ]
    },
    "RK4010": {
        "dt": [
            0.01,
            0.005,
            0.0025,
            0.00125,
            0.000625
        ],
        "error": [
            0.879543466397566,
            0.4220541771413676,
            0.20677861665676303,
            0.10234873227174066,
            0.050916898557008185
        ]
    },
    "RK4011": {
        "dt": [
            0.01,
            0.005,
            0.0025,
            0.00125,
            0.000625
        ],
        "error": [
            0.8795430637167501,
            0.42205504764557816,
            0.2067782737340327,
            0.10234863834243749,
            0.050916875274210086
        ]
    },
    "RK4100": {
        "dt": [
            0.01,
            0.005,
            0.0025,
            0.00125,
            0.000625
        ],
        "error": [
            0.8795531147341616,
            0.4220461734897899,
            0.20677735375584722,
            0.10234844388652606,
            0.05091682843972598
        ]
    },
    "RK4101": {
        "dt": [
            0.01,
            0.005,
            0.0025,
            0.00125,
            0.000625
        ],
        "error": [
            0.8795527150992603,
            0.4220470413638978,
            0.20677701046080466,
            0.102348349920743,
            0.050916805154152193
        ]
    },
    "RK4110": {
        "dt": [
            0.01,
            0.005,
            0.0025,
            0.00125,
            0.000625
        ],
        "error": [
            0.8795452951513182,
            0.42205286991339697,
            0.20677822208621513,
            0.10234863643946818,
            0.05091687514824199
        ]
    },
    "RK4111": {
        "dt": [
            0.01,
            0.005,
            0.0025,
            0.00125,
            0.000625
        ],
        "error": [
            0.879544879268287,
            0.4220537512683248,
            0.20677788123016708,
            0.10234854276141223,
            0.050916851895708826
        ]
    }
}