{
    "DIRK200": {
        "dt": [
            0.0025,
            0.00125,
            0.000625,
            0.0003125,
            0.00015625
        ],
        "error": [
            4.316667210645562e-06,
            7.074064591477752e-07,
            1.0043001354688292e-07,
            1.333942286987295e-08,
            1.717744999936691e-09
        ]
    }
}