{
    "DIRK200": {
        "dt": [
            0.0025,
            0.00125,
            0.000625,
            0.0003125,
            0.00015625
        ],
        "error": [
            0.00011719502410905003,
            4.942488755070478e-05,
            1.4876096365731839e-05,
            4.034777187982965e-06,
            1.0482285682121304e-06
        ]
    }
}