{
    "RK4000**": {
        "dt": [
            0.01,
            0.005,
            0.0025,
            0.00125,
            0.000625
        ],
        "error": [
            0.09109514298607513,
            0.02723959547762463,
            0.02784283593013026,
            0.017111702420353165,
            0.009314336162942978
        ]
    },
    "RK4000*": {
        "dt": [
            0.01,
            0.005,
            0.0025,
            0.00125,
            0.000625
        ],
        "error": [
            0.00010886544693482066,
            9.17164982571286e-05,
            1.651409336941103e-05,
            2.3950595058552514e-06,
            3.2351095308182066e-07
        ]
    },
    "RK4000": {
        "dt": [
            0.01,
            0.005,
            0.0025,
            0.00125,
            0.000625
        ],
        "error": [
            0.00020465401170008325,
            1.4119853013380083e-05,
            9.166147652126055e-07,
            8.205605444011618e-08,
            1.3802184158215402e-08
        ]
    },
    "RK4001": {
        "dt": [
            0.01,
            0.005,
            0.0025,
            0.00125,
            0.000625
        ],
        "error": [
            0.00020493061958981753,
            1.3685799190913575e-05,
            1.022433254395542e-06,
            1.194788621951979e-07,
            2.2987651367487013e-08
        ]
    },
    "RK4010": {
        "dt": [
            0.01,
            0.005,
            0.0025,
            0.00125,
            0.000625
        ],
        "error": [
            0.0002067803837604518,
            1.2413120451009331e-05,
            6.02611085247386e-07,
            1.5824975482099254e-08,
            1.1481320923750189e-08
        ]
    },
    "RK4011": {
        "dt": [
            0.01,
            0.005,
            0.0025,
            0.00125,
            0.000625
        ],
        "error": [
            0.00020706280473759242,
            1.1974252962774999e-05,
            7.075235430798925e-07,
            4.289277482027132e-08,
            7.621522771541889e-09
        ]
    },
    "RK4100": {
        "dt": [
            0.01,
            0.005,
            0.0025,
            0.00125,
            0.000625
        ],
        "error": [
            0.00020428297184457212,
            1.4314213110839912e-05,
            1.0422101047172389e-06,
            1.1924273599120309e-07,
            2.285854297884455e-08
        ]
    },
    "RK4101": {
        "dt": [
            0.01,
            0.005,
            0.0025,
            0.00125,
            0.000625
        ],
        "error": [
            0.00020456220984270673,
            1.3878370872618323e-05,
            1.1473076933575318e-06,
            1.567875315953223e-07,
            3.260577794740291e-08
        ]
    },
    "RK4110": {
        "dt": [
            0.01,
            0.005,
            0.0025,
            0.00125,
            0.000625
        ],
        "error": [
            0.00020640058839897722,
            1.2614704687190233e-05,
            7.294662059648926e-07,
            4.2946673088324327e-08,
            7.583304999262997e-09
        ]
    },
    "RK4111": {
        "dt": [
            0.01,
            0.005,
            0.0025,
            0.00125,
            0.000625
        ],
        "error": [
            0.00020668561947428428,
            1.2174066082142502e-05,
            8.336741515321622e-07,
            7.923092931744645e-08,
            1.3699261814763465e-08
        ]
    }
}