{
    "RK4111": {
        "dt": [
            0.01,
            0.005,
            0.0025,
            0.00125,
            0.000625
        ],
        "error": [
            0.06914692424876732,
            0.002951760329852448,
            0.00015432102527687536,
            8.83118535929413e-06,
            5.28249931223157e-07
        ]
    }
}