{
    "AB2": {
        "dt": [
            0.01,
            0.005,
            0.0025,
            0.00125,
            0.000625
        ],
        "error": [
            4.0973510201581815,
            1.7236396018633768,
            0.7142555560260029,
            0.3216391871206162,
            0.15228107819058012
        ]
    }
}