{
    "AB2": {
        "dt": [
            0.01,
            0.005,
            0.0025,
            0.00125,
            0.000625
        ],
        "error": [
            4.097312957119223,
            1.7236199137981223,
            0.7142441712531462,
            0.32163297942768815,
            0.1522778266861281
        ]
    }
}