{
    "DIRK211": {
        "dt": [
            0.0025,
            0.00125,
            0.000625,
            0.0003125,
            0.00015625,
            7.8125e-05,
            3.90625e-05
        ],
        "error": [
            0.00010907456139633328,
            2.7272372758390594e-05,
            6.818326636173094e-06,
            1.704596255533988e-06,
            4.261499781673565e-07,
            1.0653756406542392e-07,
            2.6634385986280706e-08
        ]
    }
}