{
    "DIRK211": {
        "dt": [
            0.0025,
            0.00125,
            0.000625,
            0.0003125
        ],
        "error": [
            4.27640380923034e-06,
            5.348814793481717e-07,
            6.687254329603431e-08,
            8.3595009120386e-09
        ]
    }
}