{
    "AB3": {
        "dt": [
            0.01,
            0.005,
            0.0025,
            0.00125,
            0.000625
        ],
        "error": [
            0.7739014613201051,
            0.3190520154926911,
            0.030957075093199386,
            0.003744729933498768,
            0.00046015535444855234
        ]
    }
}