{
    "FE": {
        "dt": [
            0.0025,
            0.00125,
            0.000625,
            0.0003125,
            0.00015625,
            7.8125e-05,
            3.90625e-05
        ],
        "error": [
            0.12520159821205654,
            0.06254359858340021,
            0.03125410782973791,
            0.015622208308765739,
            0.007809839998323801,
            0.003904597371482022,
            0.0019522172061006962
        ]
    }
}