{
    "AB3": {
        "dt": [
            0.01,
            0.005,
            0.0025,
            0.00125,
            0.000625,
            0.0003125,
            0.00015625
        ],
        "error": [
            14.208502693526144,
            0.7977378556484009,
            0.01327581757525465,
            0.0017550644870163888,
            0.00022389266301545282,
            2.8226478484507584e-05,
            3.54206125254724e-06
        ]
    }
}