{
    "RK4100": {
        "dt": [
            0.0025,
            0.00125,
            0.000625,
            0.0003125,
            0.00015625
        ],
        "error": [
            1.2001635011621154e-05,
            9.885812167712762e-07,
            7.204904094863448e-08,
            4.645787109175194e-09,
            2.507373712960976e-10
        ]
    }
}