{
    "RK4000": {
        "dt": [
            0.0025,
            0.00125,
            0.000625,
            0.0003125,
            0.00015625
        ],
        "error": [
            1.2386054928310969e-05,
            1.090486726441081e-06,
            8.11156275376121e-08,
            5.498559433442954e-09,
            3.5744073793656906e-10
        ]
    }
}