{
    "RK4010": {
        "dt": [
            0.0025,
            0.00125,
            0.000625,
            0.0003125,
            0.00015625
        ],
        "error": [
            1.328484594127818e-05,
            7.517080134788354e-07,
            4.845070351848528e-08,
            3.351843067591601e-09,
            3.292441258090801e-10
        ]
    }
}