{
    "DIRK3000": {
        "dt": [
            0.0025,
            0.00125,
            0.000625,
            0.0003125,
            0.00015625
        ],
        "error": [
            2.4390833663306683e-07,
            2.242829056728403e-08,
            1.6745776739834441e-09,
            1.1371006407749366e-10,
            7.415598274114272e-12
        ]
    }
}