{
    "DIRK3000": {
        "dt": [
            0.0025,
            0.00125,
            0.000625,
            0.0003125,
            0.00015625
        ],
        "error": [
            1.7971435681928639e-06,
            6.942276779436327e-07,
            1.1642267024453038e-07,
            1.639787457504629e-08,
            2.1653015035217546e-09
        ]
    }
}