{
    "RK300": {
        "dt": [
            0.0025,
            0.00125,
            0.000625,
            0.0003125,
            0.00015625
        ],
        "error": [
            1.382177913612442e-05,
            2.1284946180547626e-06,
            2.9127532930820013e-07,
            3.798872227252587e-08,
            4.8473857980185336e-09
        ]
    }
}