{
    "RK20*": {
        "dt": [
            0.0025,
            0.00125,
            0.000625,
            0.0003125
        ],
        "error": [
            0.16568477511756252,
            0.07319166293657942,
            0.03424946012587511,
            0.016546516834648597
        ]
    },
    "RK20": {
        "dt": [
            0.0025,
            0.00125,
            0.000625,
            0.0003125
        ],
        "error": [
            0.02198433267644263,
            0.005397730678683936,
            0.001337085732880128,
            0.0003327258690079462
        ]
    },
    "RK21": {
        "dt": [
            0.0025,
            0.00125,
            0.000625,
            0.0003125
        ],
        "error": [
            0.02423183986041085,
            0.00593245168921825,
            0.0014673956493665174,
            0.00036488392118803876
        ]
    }
}