{
    "RK20*": {
        "dt": [
            0.0025,
            0.00125,
            0.000625,
            0.0003125
        ],
        "error": [
            0.1250867817420946,
            0.062498767325225996,
            0.03126004489258731,
            0.015635412698420805
        ]
    },
    "RK20": {
        "dt": [
            0.0025,
            0.00125,
            0.000625,
            0.0003125
        ],
        "error": [
            0.001213848809269617,
            0.0003020272257471248,
            7.539111344239476e-05,
            1.884054692839293e-05
        ]
    },
    "RK21": {
        "dt": [
            0.0025,
            0.00125,
            0.000625,
            0.0003125
        ],
        "error": [
            0.002961791946193369,
            0.0007401491313776827,
            0.00018501252041585694,
            4.6250821645175e-05
        ]
    }
}