{
    "RK20*": {
        "dt": [
            0.01,
            0.005,
            0.0025,
            0.00125,
            0.000625
        ],
        "error": [
            0.17425273753937426,
            0.08564693175571869,
            0.042119925837634915,
            0.020853028796484832,
            0.010371487930318167
        ]
    },
    "RK20": {
        "dt": [
            0.01,
            0.005,
            0.0025,
            0.00125,
            0.000625
        ],
        "error": [
            0.07197530806320877,
            0.016962028564902424,
            0.0045380971884111864,
            0.0013724539908379744,
            0.0004725063240129727
        ]
    },
    "RK21": {
        "dt": [
            0.01,
            0.005,
            0.0025,
            0.00125,
            0.000625
        ],
        "error": [
            0.07801826203675968,
            0.018920073889715696,
            0.005072940269700548,
            0.001511249981748764,
            0.0005078072514378281
        ]
    }
}