{
    "RK21": {
        "dt": [
            0.01,
            0.005,
            0.0025,
            0.00125,
            0.000625
        ],
        "error": [
            2.848710189647542,
            0.3831893294540332,
            0.07811585445124578,
            0.01793738443109539,
            0.0043122085842502746
        ]
    }
}