{
    "RK21": {
        "dt": [
            0.0025,
            0.00125,
            0.000625,
            0.0003125,
            0.00015625,
            7.8125e-05,
            3.90625e-05
        ],
        "error": [
            0.06219161332622143,
            0.031111511917435445,
            0.015562175546743745,
            0.007783003807235148,
            0.003892019763044663,
            0.0019461442002515136,
            0.0009731062868756878
        ]
    }
}