{
    "RK4000": {
        "dt": [
            0.0025,
            0.00125,
            0.000625,
            0.0003125,
            0.00015625,
            7.8125e-05
        ],
        "error": [
            3.300358346719193e-07,
            3.1752220951228365e-08,
            2.3323902573341726e-09,
            1.5665224796744256e-10,
            1.0128521712506321e-11,
            6.461694123317066e-13
        ]
    }
}