{
    "AB3": {
        "dt": [
            0.01,
            0.005,
            0.0025,
            0.00125,
            0.000625
        ],
        "error": [
            2.5811330426786396,
            1.3359149789529652,
            0.582986046670547,
            0.2930615067917377,
            0.14590014924628333
        ]
    }
}