{
    "RK300*": {
        "dt": [
            0.0025,
            0.00125,
            0.000625,
            0.0003125,
            0.00015625,
            7.8125e-05,
            3.90625e-05
        ],
        "error": [
            0.0008955500421666966,
            0.0024438098601109676,
            0.0017213312855000609,
            0.0009856519483264414,
            0.0005240941459329146,
            0.0002698671538476956,
            0.00013688899859781302
        ]
    },
    "RK300**": {
        "dt": [
            0.0025,
            0.00125,
            0.000625,
            0.0003125,
            0.00015625,
            7.8125e-05,
            3.90625e-05
        ],
        "error": [
            2.9687692408983115e-05,
            1.602965221388147e-05,
            5.083698480623408e-06,
            1.4055622447867102e-06,
            3.68230601638055e-07,
            9.41630491986627e-08,
            2.380484784668974e-08
        ]
    },
    "RK300": {
        "dt": [
            0.0025,
            0.00125,
            0.000625,
            0.0003125,
            0.00015625,
            7.8125e-05,
            3.90625e-05
        ],
        "error": [
            3.2027703759029535e-06,
            7.907316283363207e-07,
            1.2380026509745222e-07,
            1.7039064327703513e-08,
            2.227693542586775e-09,
            2.8454396550328214e-10,
            3.7103922498186606e-11
        ]
    },
    "RK301": {
        "dt": [
            0.0025,
            0.00125,
            0.000625,
            0.0003125,
            0.00015625,
            7.8125e-05,
            3.90625e-05
        ],
        "error": [
            1.399820055112375e-06,
            1.7498880389712704e-07,
            2.1873074204490804e-08,
            2.7340078833532932e-09,
            3.4188925399412437e-10,
            4.252582952783032e-11,
            5.864030312561836e-12
        ]
    },
    "RK310": {
        "dt": [
            0.0025,
            0.00125,
            0.000625,
            0.0003125,
            0.00015625,
            7.8125e-05,
            3.90625e-05
        ],
        "error": [
            3.1981931546332055e-06,
            7.905296097299963e-07,
            1.2380185850847565e-07,
            1.703976087849415e-08,
            2.2280600957662016e-09,
            2.842122677311075e-10,
            3.673659046420809e-11
        ]
    },
    "RK311": {
        "dt": [
            0.0025,
            0.00125,
            0.000625,
            0.0003125,
            0.00015625,
            7.8125e-05,
            3.90625e-05
        ],
        "error": [
            1.3999323284824358e-06,
            1.749807933100416e-07,
            2.187194109171544e-08,
            2.733957666874384e-09,
            3.417845581232526e-10,
            4.2470491740469623e-11,
            6.222928488040825e-12
        ]
    }
}