{
    "RK21": {
        "dt": [
            0.0025,
            0.00125,
            0.000625,
            0.0003125,
            0.00015625,
            7.8125e-05,
            3.90625e-05
        ],
        "error": [
            0.00021822817569020931,
            5.455203317644389e-05,
            1.3637402081083035e-05,
            3.4092759656301418e-06,
            8.523097456563113e-07,
            2.1307628315504916e-07,
            5.326893338596501e-08
        ]
    }
}