{
    "RK20": {
        "dt": [
            0.0025,
            0.00125,
            0.000625,
            0.0003125,
            0.00015625,
            7.8125e-05,
            3.90625e-05
        ],
        "error": [
            0.0002254085584845426,
            6.122170626944541e-05,
            1.609549722779128e-05,
            4.1321100651667556e-06,
            1.0470934992514516e-06,
            2.635634815689388e-07,
            6.611657451744889e-08
        ]
    }
}