{
    "AB2": {
        "dt": [
            0.0025,
            0.00125,
            0.000625,
            0.0003125,
            0.00015625,
            7.8125e-05
        ],
        "error": [
            0.004451081062506384,
            0.0011124436253742431,
            0.00027815944649864263,
            6.95519603089659e-05,
            1.73898793146861e-05,
            4.347729429502245e-06
        ]
    }
}