{
    "AB2": {
        "dt": [
            0.0025,
            0.00125,
            0.000625,
            0.0003125,
            0.00015625,
            7.8125e-05
        ],
        "error": [
            0.000273315671474671,
            8.156589078897791e-05,
            2.2046637257544743e-05,
            5.7187082486533346e-06,
            1.4555715574000375e-06,
            3.6713096534686045e-07
        ]
    }
}