{
    "DIRK211": {
        "dt": [
            0.0025,
            0.00125,
            0.000625,
            0.0003125
        ],
        "error": [
            0.06227473326741404,
            0.031141424935769425,
            0.015570795736172318,
            0.007785301587324368
        ]
    }
}