{
    "RK311": {
        "dt": [
            0.01,
            0.005,
            0.0025,
            0.00125,
            0.000625
        ],
        "error": [
            0.3620273796650052,
            0.03531420071313878,
            0.003775364449145165,
            0.00043540414903260865,
            5.227590248854849e-05
        ]
    }
}