{
    "RK300*": {
        "dt": [
            0.01,
            0.005,
            0.0025,
            0.00125,
            0.000625
        ],
        "error": [
            0.02919927566407598,
            0.05232661388424641,
            0.03412988284576117,
            0.018896345317382712,
            0.009887317010256651
        ]
    },
    "RK300**": {
        "dt": [
            0.01,
            0.005,
            0.0025,
            0.00125,
            0.000625
        ],
        "error": [
            0.0030527781878733297,
            8.854628042026656e-05,
            0.0005219769967826463,
            0.00039190462897026345,
            0.0002301968998378103
        ]
    },
    "RK300": {
        "dt": [
            0.01,
            0.005,
            0.0025,
            0.00125,
            0.000625
        ],
        "error": [
            0.001007132811165197,
            0.0018580770692713975,
            0.0010361397168033623,
            0.0005281771150568457,
            0.0002651620574174166
        ]
    },
    "RK301": {
        "dt": [
            0.01,
            0.005,
            0.0025,
            0.00125,
            0.000625
        ],
        "error": [
            0.0002115451989739185,
            0.001618143905778407,
            0.0010017894610975552,
            0.0005236436302602478,
            0.0002645813128403963
        ]
    },
    "RK310": {
        "dt": [
            0.01,
            0.005,
            0.0025,
            0.00125,
            0.000625
        ],
        "error": [
            0.001055717710889583,
            0.0018625923774793494,
            0.0010364486423291258,
            0.000528196444556469,
            0.0002651631822865951
        ]
    },
    "RK311": {
        "dt": [
            0.01,
            0.005,
            0.0025,
            0.00125,
            0.000625
        ],
        "error": [
            0.00017508553674086086,
            0.001621866025882732,
            0.0010020464548778582,
            0.0005236597906392598,
            0.000264582262910489
        ]
    }
}