{
    "RK300*": {
        "dt": [
            0.01,
            0.005,
            0.0025,
            0.00125,
            0.000625
        ],
        "error": [
            0.4161741916207428,
            0.24164615353400637,
            0.12756745530930355,
            0.06529224717457895,
            0.03300261821233813
        ]
    },
    "RK300**": {
        "dt": [
            0.01,
            0.005,
            0.0025,
            0.00125,
            0.000625
        ],
        "error": [
            0.9006830228964819,
            0.42589755567658294,
            0.20758404863476074,
            0.1025317902532887,
            0.050960440705282044
        ]
    },
    "RK300": {
        "dt": [
            0.01,
            0.005,
            0.0025,
            0.00125,
            0.000625
        ],
        "error": [
            0.8735495644597056,
            0.4215593237322726,
            0.206727879231708,
            0.10234295789946789,
            0.050916194113697605
        ]
    },
    "RK301": {
        "dt": [
            0.01,
            0.005,
            0.0025,
            0.00125,
            0.000625
        ],
        "error": [
            0.8800070249458182,
            0.4220689485756201,
            0.20677794994127577,
            0.1023484592537949,
            0.05091683705874906
        ]
    },
    "RK310": {
        "dt": [
            0.01,
            0.005,
            0.0025,
            0.00125,
            0.000625
        ],
        "error": [
            0.8734072503451061,
            0.42155526766404855,
            0.20672772981041135,
            0.10234295197393858,
            0.05091619391807882
        ]
    },
    "RK311": {
        "dt": [
            0.01,
            0.005,
            0.0025,
            0.00125,
            0.000625
        ],
        "error": [
            0.879913963939737,
            0.4220663403065608,
            0.20677786539150378,
            0.10234845656944964,
            0.05091683705104067
        ]
    }
}