{
    "RK311": {
        "dt": [
            0.01,
            0.005,
            0.0025,
            0.00125,
            0.000625
        ],
        "error": [
            2.428641371785918,
            1.2377922546671751,
            0.6020256732487352,
            0.29540146303977594,
            0.14618878502510566
        ]
    }
}