{
    "RK20": {
        "dt": [
            0.0025,
            0.00125,
            0.000625,
            0.0003125,
            0.00015625
        ],
        "error": [
            0.006050457128380508,
            0.0013569804890375594,
            0.00032218688217354105,
            7.854536210634011e-05,
            1.9393834248749724e-05
        ]
    }
}