{
    "RK21": {
        "dt": [
            0.0025,
            0.00125,
            0.000625,
            0.0003125,
            0.00015625
        ],
        "error": [
            0.006498846172205547,
            0.0014727267251387355,
            0.0003513850293410276,
            8.586761312951028e-05,
            2.122666863396159e-05
        ]
    }
}