{
    "RK20*": {
        "dt": [
            0.0025,
            0.00125,
            0.000625,
            0.0003125
        ],
        "error": [
            0.0007167400875930173,
            0.00048619329226909564,
            0.00027393247733471495,
            0.00014451769525483475
        ]
    },
    "RK20": {
        "dt": [
            0.0025,
            0.00125,
            0.000625,
            0.0003125
        ],
        "error": [
            0.00018279348751141635,
            4.3525654613213436e-05,
            1.0620108774474162e-05,
            2.622998682907398e-06
        ]
    },
    "RK21": {
        "dt": [
            0.0025,
            0.00125,
            0.000625,
            0.0003125
        ],
        "error": [
            0.0001930027783201908,
            4.7051237474083537e-05,
            1.1615940325738725e-05,
            2.885816707081451e-06
        ]
    }
}