{
    "AB2": {
        "dt": [
            0.01,
            0.005,
            0.0025,
            0.00125,
            0.000625
        ],
        "error": [
            0.010709502676216225,
            0.0029411641940464786,
            0.0007657180224203708,
            0.0001949384698382603,
            4.9152000222353995e-05
        ]
    }
}