{
    "RK4000**": {
        "dt": [
            0.0025,
            0.00125,
            0.000625,
            0.0003125,
            0.00015625,
            7.8125e-05,
            3.90625e-05
        ],
        "error": [
            0.004559611326079212,
            0.0011401899775736084,
            0.0014248067257378344,
            0.0009261600464129315,
            0.0005165330038402809,
            0.0002716317740510155,
            0.00013915747767419382
        ]
    },
    "RK4000*": {
        "dt": [
            0.0025,
            0.00125,
            0.000625,
            0.0003125,
            0.00015625,
            7.8125e-05,
            3.90625e-05
        ],
        "error": [
            4.1685986349481015e-07,
            3.3862884008003936e-07,
            6.672826004953286e-08,
            9.865588439542247e-09,
            1.3284784773565378e-09,
            1.720132438673386e-10,
            2.186928218098711e-11
        ]
    },
    "RK4000": {
        "dt": [
            0.0025,
            0.00125,
            0.000625,
            0.0003125,
            0.00015625,
            7.8125e-05,
            3.90625e-05
        ],
        "error": [
            1.3292478293811347e-08,
            8.472654258111779e-10,
            5.2575934810668484e-11,
            3.261299394509665e-12,
            2.0717304589769889e-13,
            5.246499748485592e-14,
            7.754647944455388e-14
        ]
    },
    "RK4001": {
        "dt": [
            0.0025,
            0.00125,
            0.000625,
            0.0003125,
            0.00015625,
            7.8125e-05,
            3.90625e-05
        ],
        "error": [
            1.3410805384094802e-08,
            8.73907157527359e-10,
            9.607794485537733e-11,
            1.327687130214482e-11,
            1.7943640155283235e-12,
            2.3608033485764523e-13,
            8.218838658571791e-14
        ]
    },
    "RK4010": {
        "dt": [
            0.0025,
            0.00125,
            0.000625,
            0.0003125,
            0.00015625,
            7.8125e-05,
            3.90625e-05
        ],
        "error": [
            1.3194261688190297e-08,
            1.0288547360295031e-09,
            1.1349032216707596e-10,
            1.448359102688397e-11,
            1.8700276750944554e-12,
            2.466852798665596e-13,
            8.22941343166517e-14
        ]
    },
    "RK4011": {
        "dt": [
            0.0025,
            0.00125,
            0.000625,
            0.0003125,
            0.00015625,
            7.8125e-05,
            3.90625e-05
        ],
        "error": [
            1.3289753613571907e-08,
            8.305070417557622e-10,
            5.190185230289711e-11,
            3.2451221563081006e-12,
            2.0734264815956536e-13,
            5.423539767229002e-14,
            7.582270234891562e-14
        ]
    },
    "RK4100": {
        "dt": [
            0.0025,
            0.00125,
            0.000625,
            0.0003125,
            0.00015625,
            7.8125e-05,
            3.90625e-05
        ],
        "error": [
            1.3292097101162715e-08,
            8.447818236744103e-10,
            5.24798592791442e-11,
            3.259211311393683e-12,
            2.0771989753405498e-13,
            5.266047654621403e-14,
            7.681284318624636e-14
        ]
    },
    "RK4101": {
        "dt": [
            0.0025,
            0.00125,
            0.000625,
            0.0003125,
            0.00015625,
            7.8125e-05,
            3.90625e-05
        ],
        "error": [
            1.3410659982293962e-08,
            8.730481877439821e-10,
            9.60765224030136e-11,
            1.3278321862005973e-11,
            1.793660051226946e-12,
            2.3518302106181284e-13,
            8.10339572764451e-14
        ]
    },
    "RK4110": {
        "dt": [
            0.0025,
            0.00125,
            0.000625,
            0.0003125,
            0.00015625,
            7.8125e-05,
            3.90625e-05
        ],
        "error": [
            1.3193934221080413e-08,
            1.0279169294352012e-09,
            1.1345947407796611e-10,
            1.448220291403125e-11,
            1.8701114489535305e-12,
            2.4431246687139544e-13,
            8.30963412809766e-14
        ]
    },
    "RK4111": {
        "dt": [
            0.0025,
            0.00125,
            0.000625,
            0.0003125,
            0.00015625,
            7.8125e-05,
            3.90625e-05
        ],
        "error": [
            1.3289640304882413e-08,
            8.305348242076136e-10,
            5.190635097321826e-11,
            3.2446013181405964e-12,
            2.0687684066445657e-13,
            5.4266512763677684e-14,
            7.860000174277353e-14
        ]
    }
}