{
    "FE": {
        "dt": [
            0.01,
            0.005,
            0.0025,
            0.00125,
            0.000625
        ],
        "error": [
            1.1147517756443504,
            0.5175014351556181,
            0.24971921447106904,
            0.12270629409634325,
            0.06082719055737569
        ]
    }
}