{
    "RK20": {
        "dt": [
            0.0025,
            0.00125,
            0.000625,
            0.0003125,
            0.00015625,
            7.8125e-05,
            3.90625e-05
        ],
        "error": [
            0.06208959816846507,
            0.031109868797165603,
            0.015564747323688849,
            0.007784019619718827,
            0.0038923203154177873,
            0.0019462251622840991,
            0.0009731272546337533
        ]
    }
}