{
    "RK4000**": {
        "dt": [
            0.0025,
            0.00125,
            0.000625,
            0.0003125,
            0.00015625,
            7.8125e-05,
            3.90625e-05
        ],
        "error": [
            0.1861972738109073,
            0.03244665861932182,
            0.016280518548823546,
            0.008166556539954111,
            0.004091339597507277,
            0.0020478699613265786,
            0.0010245080526020314
        ]
    },
    "RK4000*": {
        "dt": [
            0.0025,
            0.00125,
            0.000625,
            0.0003125,
            0.00015625,
            7.8125e-05,
            3.90625e-05
        ],
        "error": [
            0.06228248731739918,
            0.031153563729321456,
            0.015572313822522658,
            0.007785491370684167,
            0.003892635772842912,
            0.0019462974672097024,
            0.0009731445098896835
        ]
    },
    "RK4000": {
        "dt": [
            0.0025,
            0.00125,
            0.000625,
            0.0003125,
            0.00015625,
            7.8125e-05,
            3.90625e-05
        ],
        "error": [
            0.06229365199692189,
            0.03114379204065811,
            0.01557109247988914,
            0.007785338718873397,
            0.003892616691269755,
            0.0019462950817723545,
            0.0009731442144241558
        ]
    },
    "RK4001": {
        "dt": [
            0.0025,
            0.00125,
            0.000625,
            0.0003125,
            0.00015625,
            7.8125e-05,
            3.90625e-05
        ],
        "error": [
            0.0622936496965953,
            0.031143794405956153,
            0.01557109254911589,
            0.007785338718845295,
            0.0038926166909826376,
            0.0019462950817335013,
            0.0009731442141632061
        ]
    },
    "RK4010": {
        "dt": [
            0.0025,
            0.00125,
            0.000625,
            0.0003125,
            0.00015625,
            7.8125e-05,
            3.90625e-05
        ],
        "error": [
            0.062293649521179814,
            0.031143794281835134,
            0.015571092573996371,
            0.0077853387252655075,
            0.0038926166921121655,
            0.0019462950821076662,
            0.0009731442141753797
        ]
    },
    "RK4011": {
        "dt": [
            0.0025,
            0.00125,
            0.000625,
            0.0003125,
            0.00015625,
            7.8125e-05,
            3.90625e-05
        ],
        "error": [
            0.06229364745911515,
            0.031143796425143748,
            0.015571092628360721,
            0.007785338724085335,
            0.0038926166916054957,
            0.00194629508193867,
            0.0009731442143252047
        ]
    },
    "RK4100": {
        "dt": [
            0.0025,
            0.00125,
            0.000625,
            0.0003125,
            0.00015625,
            7.8125e-05,
            3.90625e-05
        ],
        "error": [
            0.0622936516268948,
            0.031143792398782306,
            0.015571092491311922,
            0.007785338719299097,
            0.003892616691356835,
            0.0019462950817110375,
            0.000973144214492935
        ]
    },
    "RK4101": {
        "dt": [
            0.0025,
            0.00125,
            0.000625,
            0.0003125,
            0.00015625,
            7.8125e-05,
            3.90625e-05
        ],
        "error": [
            0.0622936493928755,
            0.031143794702475417,
            0.015571092556401505,
            0.007785338718875329,
            0.003892616691109684,
            0.001946295081578853,
            0.0009731442142862922
        ]
    },
    "RK4110": {
        "dt": [
            0.0025,
            0.00125,
            0.000625,
            0.0003125,
            0.00015625,
            7.8125e-05,
            3.90625e-05
        ],
        "error": [
            0.06229364907503233,
            0.031143794711688856,
            0.015571092589536994,
            0.007785338725888661,
            0.003892616692112283,
            0.0019462950818793282,
            0.0009731442143919689
        ]
    },
    "RK4111": {
        "dt": [
            0.0025,
            0.00125,
            0.000625,
            0.0003125,
            0.00015625,
            7.8125e-05,
            3.90625e-05
        ],
        "error": [
            0.062293647081352176,
            0.0311437967911692,
            0.015571092639777632,
            0.007785338724457557,
            0.003892616691727588,
            0.0019462950816455504,
            0.0009731442146936777
        ]
    }
}