{
    "AB2": {
        "dt": [
            0.01,
            0.005,
            0.0025,
            0.00125,
            0.000625
        ],
        "error": [
            0.9795253502146526,
            0.15675638567154435,
            0.04796183926289537,
            0.012847138097780238,
            0.0032962652130800775
        ]
    }
}