{
    "AB2": {
        "dt": [
            0.01,
            0.005,
            0.0025,
            0.00125,
            0.000625
        ],
        "error": [
            0.9796837140324581,
            0.15696590466937826,
            0.04812911681888657,
            0.013000857931623803,
            0.0034428708364482455
        ]
    }
}