{
    "RK4000**": {
        "dt": [
            0.0025,
            0.00125,
            0.000625,
            0.0003125,
            0.00015625,
            7.8125e-05,
            3.90625e-05
        ],
        "error": [
            0.004442259257353935,
            0.0011106393834552383,
            0.0013881208794419096,
            0.0009023592598412095,
            0.0005032721338176553,
            0.0002646617901593504,
            0.0001355876747169169
        ]
    },
    "RK4000*": {
        "dt": [
            0.0025,
            0.00125,
            0.000625,
            0.0003125,
            0.00015625,
            7.8125e-05,
            3.90625e-05
        ],
        "error": [
            4.0614212773465703e-07,
            3.2995275191965876e-07,
            6.501472586252915e-08,
            9.611876390388523e-09,
            1.2939197642561151e-09,
            1.6749174841432715e-10,
            2.2977003144299635e-11
        ]
    },
    "RK4000": {
        "dt": [
            0.0025,
            0.00125,
            0.000625,
            0.0003125,
            0.00015625,
            7.8125e-05,
            3.90625e-05
        ],
        "error": [
            9.242978210450074e-09,
            6.006541400451007e-10,
            3.7083226942378907e-11,
            2.3485545096135717e-12,
            8.132612619549134e-13,
            1.813028820536668e-12,
            3.4140716224663574e-12
        ]
    },
    "RK4001": {
        "dt": [
            0.0025,
            0.00125,
            0.000625,
            0.0003125,
            0.00015625,
            7.8125e-05,
            3.90625e-05
        ],
        "error": [
            9.424430842692863e-09,
            4.658619272453668e-10,
            3.282095488611078e-11,
            5.1106244271403945e-12,
            1.0179863949845585e-12,
            1.8063855139817078e-12,
            3.029359963992358e-12
        ]
    },
    "RK4010": {
        "dt": [
            0.0025,
            0.00125,
            0.000625,
            0.0003125,
            0.00015625,
            7.8125e-05,
            3.90625e-05
        ],
        "error": [
            9.062226865783957e-09,
            7.477855739808603e-10,
            7.266190404905482e-11,
            8.180687540950155e-12,
            1.3688811571275875e-12,
            1.6414586947769542e-12,
            3.0211469955434083e-12
        ]
    },
    "RK4011": {
        "dt": [
            0.0025,
            0.00125,
            0.000625,
            0.0003125,
            0.00015625,
            7.8125e-05,
            3.90625e-05
        ],
        "error": [
            9.240313337612853e-09,
            5.775057084462124e-10,
            3.606895623272237e-11,
            2.3112092829477535e-12,
            8.001265234448978e-13,
            1.922835830633015e-12,
            3.172400666018084e-12
        ]
    },
    "RK4100": {
        "dt": [
            0.0025,
            0.00125,
            0.000625,
            0.0003125,
            0.00015625,
            7.8125e-05,
            3.90625e-05
        ],
        "error": [
            9.242522455333564e-09,
            5.972850890288089e-10,
            3.691576817272326e-11,
            2.392505910427684e-12,
            9.441310575926599e-13,
            1.7744575241364785e-12,
            2.942139149935653e-12
        ]
    },
    "RK4101": {
        "dt": [
            0.0025,
            0.00125,
            0.000625,
            0.0003125,
            0.00015625,
            7.8125e-05,
            3.90625e-05
        ],
        "error": [
            9.42431993218037e-09,
            4.6413165847453195e-10,
            3.2794755874405784e-11,
            5.128701887844774e-12,
            1.0144325129552922e-12,
            1.6337486743636316e-12,
            3.2271912721210734e-12
        ]
    },
    "RK4110": {
        "dt": [
            0.0025,
            0.00125,
            0.000625,
            0.0003125,
            0.00015625,
            7.8125e-05,
            3.90625e-05
        ],
        "error": [
            9.061844664225741e-09,
            7.463420023483803e-10,
            7.264469931490832e-11,
            8.141908194049613e-12,
            1.3812658177861163e-12,
            2.2176529343589917e-12,
            3.985098741023087e-12
        ]
    },
    "RK4111": {
        "dt": [
            0.0025,
            0.00125,
            0.000625,
            0.0003125,
            0.00015625,
            7.8125e-05,
            3.90625e-05
        ],
        "error": [
            9.240252895275614e-09,
            5.774566549307815e-10,
            3.611353111531991e-11,
            2.2974828267274104e-12,
            1.3077455492532956e-12,
            1.8083670859274885e-12,
            4.243281857420702e-12
        ]
    }
}