{
    "AB2": {
        "dt": [
            0.01,
            0.005,
            0.0025,
            0.00125,
            0.000625
        ],
        "error": [
            0.7944059428286211,
            0.40894732352820634,
            0.20397827106048103,
            0.10147481556877855,
            0.050563408450586135
        ]
    }
}