{
    "RK20*": {
        "dt": [
            0.0025,
            0.00125,
            0.000625,
            0.0003125,
            0.00015625,
            7.8125e-05,
            3.90625e-05
        ],
        "error": [
            0.003558750211210378,
            0.0031100722355895884,
            0.0018881648953604374,
            0.0010274063916073917,
            0.0005345392780113054,
            0.00027247929920126316,
            0.00013754214419935603
        ]
    },
    "RK20": {
        "dt": [
            0.0025,
            0.00125,
            0.000625,
            0.0003125,
            0.00015625,
            7.8125e-05,
            3.90625e-05
        ],
        "error": [
            0.00012281035181752314,
            2.885169249183586e-05,
            7.0773610108128814e-06,
            1.7591643757601658e-06,
            4.3896600805051873e-07,
            1.0966633661319477e-07,
            2.740980624623304e-08
        ]
    },
    "RK21": {
        "dt": [
            0.0025,
            0.00125,
            0.000625,
            0.0003125,
            0.00015625,
            7.8125e-05,
            3.90625e-05
        ],
        "error": [
            0.00015173736953600427,
            3.792990008567375e-05,
            9.481951562577648e-06,
            2.3704245254274168e-06,
            5.925984084313637e-07,
            1.4814851809677765e-07,
            3.703658961135017e-08
        ]
    }
}