{
    "RK4000**": {
        "dt": [
            0.01,
            0.005,
            0.0025,
            0.00125,
            0.000625
        ],
        "error": [
            1.2397773747174816,
            0.21412598172582853,
            0.12078515872280478,
            0.0633376843270613,
            0.032353442210409984
        ]
    },
    "RK4000*": {
        "dt": [
            0.01,
            0.005,
            0.0025,
            0.00125,
            0.000625
        ],
        "error": [
            0.8751114544696289,
            0.41936439420907706,
            0.20554926984258937,
            0.10174497175531699,
            0.05061610985085164
        ]
    },
    "RK4000": {
        "dt": [
            0.01,
            0.005,
            0.0025,
            0.00125,
            0.000625
        ],
        "error": [
            0.8747886846188507,
            0.4196544570213831,
            0.20557838087539096,
            0.1017481449749457,
            0.05061647717397965
        ]
    },
    "RK4001": {
        "dt": [
            0.01,
            0.005,
            0.0025,
            0.00125,
            0.000625
        ],
        "error": [
            0.8747858870018088,
            0.41965718762998633,
            0.2055784453640669,
            0.10174814730517504,
            0.05061647732396403
        ]
    },
    "RK4010": {
        "dt": [
            0.01,
            0.005,
            0.0025,
            0.00125,
            0.000625
        ],
        "error": [
            0.8747855485930293,
            0.41965753117486276,
            0.20557844182513998,
            0.10174814583696724,
            0.05061647711383428
        ]
    },
    "RK4011": {
        "dt": [
            0.01,
            0.005,
            0.0025,
            0.00125,
            0.000625
        ],
        "error": [
            0.8747827596798431,
            0.419660253044248,
            0.2055785063445562,
            0.10174814817128042,
            0.05061647726195506
        ]
    },
    "RK4100": {
        "dt": [
            0.01,
            0.005,
            0.0025,
            0.00125,
            0.000625
        ],
        "error": [
            0.874788146413084,
            0.4196549835978398,
            0.20557839219421398,
            0.10174814526241746,
            0.05061647718091382
        ]
    },
    "RK4101": {
        "dt": [
            0.01,
            0.005,
            0.0025,
            0.00125,
            0.000625
        ],
        "error": [
            0.8747853603468683,
            0.4196577027451852,
            0.2055784565928969,
            0.10174814759194989,
            0.05061647733019199
        ]
    },
    "RK4110": {
        "dt": [
            0.01,
            0.005,
            0.0025,
            0.00125,
            0.000625
        ],
        "error": [
            0.8747850138708978,
            0.41965805428252656,
            0.20557845313131928,
            0.10174814612259447,
            0.050616477120481944
        ]
    },
    "RK4111": {
        "dt": [
            0.01,
            0.005,
            0.0025,
            0.00125,
            0.000625
        ],
        "error": [
            0.8747822350242459,
            0.41966076617364007,
            0.20557851756303142,
            0.10174814845546686,
            0.050616477270974555
        ]
    }
}