{
    "AB2": {
        "dt": [
            0.0025,
            0.00125,
            0.000625,
            0.0003125,
            0.00015625,
            7.8125e-05
        ],
        "error": [
            0.06213795894883995,
            0.031072611774874796,
            0.015549271965445933,
            0.007779380915444719,
            0.0038910644309056467,
            0.00194589916653013
        ]
    }
}