{
    "RK20": {
        "dt": [
            0.0025,
            0.00125,
            0.000625,
            0.0003125,
            0.00015625
        ],
        "error": [
            0.0001752958116311196,
            4.7859042300145954e-05,
            1.2714309748005928e-05,
            3.284727166565043e-06,
            8.351416749968951e-07
        ]
    }
}