{
    "RK4000**": {
        "dt": [
            0.01,
            0.005,
            0.0025,
            0.00125,
            0.000625
        ],
        "error": [
            62.119944975703184,
            0.19514095292338354,
            0.08257584711625936,
            0.037902948276338735,
            0.01814281297661988
        ]
    },
    "RK4000*": {
        "dt": [
            0.01,
            0.005,
            0.0025,
            0.00125,
            0.000625
        ],
        "error": [
            61.76951691604618,
            0.0005540307001406789,
            4.4161619224864614e-05,
            4.071750856007744e-06,
            4.227009381122475e-07
        ]
    },
    "RK4000": {
        "dt": [
            0.01,
            0.005,
            0.0025,
            0.00125,
            0.000625
        ],
        "error": [
            61.76922203672804,
            0.00029010735480765695,
            1.6318557275882608e-05,
            9.689551692528311e-07,
            5.948267491696105e-08
        ]
    },
    "RK4001": {
        "dt": [
            0.01,
            0.005,
            0.0025,
            0.00125,
            0.000625
        ],
        "error": [
            61.769222027146334,
            0.00028962526626540605,
            1.6663512742703672e-05,
            1.0629128721458416e-06,
            8.266099901701039e-08
        ]
    },
    "RK4010": {
        "dt": [
            0.01,
            0.005,
            0.0025,
            0.00125,
            0.000625
        ],
        "error": [
            61.76921491112401,
            0.0002840769316897004,
            1.5456683060827524e-05,
            7.767929164325074e-07,
            1.4460264735069972e-08
        ]
    },
    "RK4011": {
        "dt": [
            0.01,
            0.005,
            0.0025,
            0.00125,
            0.000625
        ],
        "error": [
            61.769214719433975,
            0.0002834180280860845,
            1.5799002580119595e-05,
            8.703702879154509e-07,
            3.634582718063464e-08
        ]
    },
    "RK4100": {
        "dt": [
            0.01,
            0.005,
            0.0025,
            0.00125,
            0.000625
        ],
        "error": [
            61.769223809790226,
            0.00029136445787770245,
            1.6706316671791524e-05,
            1.063982021422216e-06,
            8.268982383313737e-08
        ]
    },
    "RK4101": {
        "dt": [
            0.01,
            0.005,
            0.0025,
            0.00125,
            0.000625
        ],
        "error": [
            61.76922380177528,
            0.00029088737260374396,
            1.704921795242933e-05,
            1.1577004403647172e-06,
            1.0588905421812304e-07
        ]
    },
    "RK4110": {
        "dt": [
            0.01,
            0.005,
            0.0025,
            0.00125,
            0.000625
        ],
        "error": [
            61.769216722140165,
            0.0002853700140699931,
            1.5848025766941964e-05,
            8.72210949749694e-07,
            3.647161714451787e-08
        ]
    },
    "RK4111": {
        "dt": [
            0.01,
            0.005,
            0.0025,
            0.00125,
            0.000625
        ],
        "error": [
            61.769216529125565,
            0.0002847121030052866,
            1.6188302654475807e-05,
            9.655630006143695e-07,
            5.939436691345495e-08
        ]
    }
}