{
    "RK4111": {
        "dt": [
            0.01,
            0.005,
            0.0025,
            0.00125,
            0.000625
        ],
        "error": [
            126.00558971544407,
            0.02438359243610891,
            0.0010519009044718196,
            5.500399853810061e-05,
            3.149937499569393e-06
        ]
    }
}