{
    "RK311": {
        "dt": [
            0.01,
            0.005,
            0.0025,
            0.00125,
            0.000625
        ],
        "error": [
            0.009489712697309565,
            0.0009220065581776166,
            9.858831111520948e-05,
            1.1377986617359232e-05,
            1.367116658900701e-06
        ]
    }
}