{
    "RK300*": {
        "dt": [
            0.01,
            0.005,
            0.0025,
            0.00125,
            0.000625
        ],
        "error": [
            0.0018748926822300142,
            0.0037893307209624695,
            0.0025071345356552244,
            0.0013960438046264675,
            0.0007324300998600936
        ]
    },
    "RK300**": {
        "dt": [
            0.01,
            0.005,
            0.0025,
            0.00125,
            0.000625
        ],
        "error": [
            0.0005955097882523699,
            0.00015576964709220262,
            4.1160508226079675e-05,
            1.0638803451653992e-05,
            2.7073429827104812e-06
        ]
    },
    "RK300": {
        "dt": [
            0.01,
            0.005,
            0.0025,
            0.00125,
            0.000625
        ],
        "error": [
            0.0003289586131295656,
            3.235951175112579e-05,
            3.6600966386020462e-06,
            4.3837983867439867e-07,
            5.383197949283686e-08
        ]
    },
    "RK301": {
        "dt": [
            0.01,
            0.005,
            0.0025,
            0.00125,
            0.000625
        ],
        "error": [
            0.00040377986968963514,
            4.5621537921289905e-05,
            5.411446919481559e-06,
            6.586506658961395e-07,
            8.127133709323173e-08
        ]
    },
    "RK310": {
        "dt": [
            0.01,
            0.005,
            0.0025,
            0.00125,
            0.000625
        ],
        "error": [
            0.00032547358534322995,
            3.20846038506189e-05,
            3.643569779855168e-06,
            4.374305458769192e-07,
            5.3779691403826544e-08
        ]
    },
    "RK311": {
        "dt": [
            0.01,
            0.005,
            0.0025,
            0.00125,
            0.000625
        ],
        "error": [
            0.0004006802898035909,
            4.5335996664178744e-05,
            5.391960704549193e-06,
            6.574326390373344e-07,
            8.120160244937256e-08
        ]
    }
}