{
    "RK300*": {
        "dt": [
            0.0025,
            0.00125,
            0.000625,
            0.0003125
        ],
        "error": [
            0.042747605606189135,
            0.06241814241517895,
            0.031236659598797983,
            0.015629162222063744
        ]
    },
    "RK300**": {
        "dt": [
            0.0025,
            0.00125,
            0.000625,
            0.0003125
        ],
        "error": [
            0.0017609540657163622,
            0.0007846782866205329,
            0.00019615428824781606,
            4.903891549225021e-05
        ]
    },
    "RK300": {
        "dt": [
            0.0025,
            0.00125,
            0.000625,
            0.0003125
        ],
        "error": [
            3.4426422883594236e-05,
            1.0299681218245513e-05,
            1.2888928412183393e-06,
            1.6123514499465583e-07
        ]
    },
    "RK301": {
        "dt": [
            0.0025,
            0.00125,
            0.000625,
            0.0003125
        ],
        "error": [
            6.199855011858014e-05,
            7.748719943113922e-06,
            9.68537268437017e-07,
            1.210627989028908e-07
        ]
    },
    "RK310": {
        "dt": [
            0.0025,
            0.00125,
            0.000625,
            0.0003125
        ],
        "error": [
            3.4392475961954235e-05,
            1.029679419301135e-05,
            1.2888198788251568e-06,
            1.612337337388093e-07
        ]
    },
    "RK311": {
        "dt": [
            0.0025,
            0.00125,
            0.000625,
            0.0003125
        ],
        "error": [
            6.199116903492597e-05,
            7.74843280659119e-06,
            9.685120811335917e-07,
            1.210611106386066e-07
        ]
    }
}