{
    "AB2": {
        "dt": [
            0.0025,
            0.00125,
            0.000625,
            0.0003125,
            0.00015625,
            7.8125e-05
        ],
        "error": [
            0.00039308185713461094,
            0.00011731107013977517,
            3.1708593547907854e-05,
            8.224970460349855e-06,
            2.0934895469036397e-06,
            5.280296264734721e-07
        ]
    }
}