{
    "AB3": {
        "dt": [
            0.01,
            0.005,
            0.0025,
            0.00125,
            0.000625
        ],
        "error": [
            0.046898219516607255,
            0.009081843172417083,
            0.0008083104160186491,
            9.787585828255583e-05,
            1.2036318571934782e-05
        ]
    }
}