{
    "FE": {
        "dt": [
            0.0025,
            0.00125,
            0.000625,
            0.0003125
        ],
        "error": [
            0.7201714496231926,
            0.34908611344890705,
            0.17190420391047667,
            0.08530562393113768
        ]
    }
}