{
    "RK300*": {
        "dt": [
            0.01,
            0.005,
            0.0025,
            0.00125
        ],
        "error": [
            0.001879374541643597,
            0.003793553497393621,
            0.0025094662629686817,
            0.0013972397352159558
        ]
    },
    "RK300**": {
        "dt": [
            0.01,
            0.005,
            0.0025,
            0.00125
        ],
        "error": [
            0.0005944148204936524,
            0.00015524670394108007,
            4.1005020997885686e-05,
            1.0597278296429235e-05
        ]
    },
    "RK300": {
        "dt": [
            0.01,
            0.005,
            0.0025,
            0.00125
        ],
        "error": [
            0.0003289420275555025,
            3.2357408924086306e-05,
            3.6598886623101556e-06,
            4.3837040421804117e-07
        ]
    },
    "RK301": {
        "dt": [
            0.01,
            0.005,
            0.0025,
            0.00125
        ],
        "error": [
            0.0004038017170267435,
            4.5625984066517914e-05,
            5.412072157362919e-06,
            6.587402013837783e-07
        ]
    },
    "RK310": {
        "dt": [
            0.01,
            0.005,
            0.0025,
            0.00125
        ],
        "error": [
            0.0003254213053426736,
            3.2076786188930556e-05,
            3.6426587257163412e-06,
            4.3733633439422513e-07
        ]
    },
    "RK311": {
        "dt": [
            0.01,
            0.005,
            0.0025,
            0.00125
        ],
        "error": [
            0.00040067015530079517,
            4.533459238400415e-05,
            5.3917829973635345e-06,
            6.574182580822865e-07
        ]
    }
}