{
    "AB2": {
        "dt": [
            0.01,
            0.005,
            0.0025,
            0.00125,
            0.000625
        ],
        "error": [
            3.5560272558033104,
            0.7326929112117689,
            0.1737130906027957,
            0.04215305847975808,
            0.010310952501033161
        ]
    }
}