{
    "AB2": {
        "dt": [
            0.01,
            0.005,
            0.0025,
            0.00125,
            0.000625
        ],
        "error": [
            3.57617534162012,
            0.7303596106637477,
            0.17028267396507124,
            0.03993299040062692,
            0.009102588078114588
        ]
    }
}