{
    "FE": {
        "dt": [
            0.0025,
            0.00125,
            0.000625,
            0.0003125,
            0.00015625,
            7.8125e-05,
            3.90625e-05
        ],
        "error": [
            0.014002901464231861,
            0.00699628771189878,
            0.003496613986613767,
            0.0017478947195742256,
            0.0008738405715609488,
            0.0004368931241487366,
            0.0002184397136234205
        ]
    }
}