{
    "RK4000**": {
        "dt": [
            0.01,
            0.005,
            0.0025,
            0.00125,
            0.000625
        ],
        "error": [
            0.006887413173444778,
            0.002053571040323984,
            0.002107273841124285,
            0.0012999081824507342,
            0.000709048804152017
        ]
    },
    "RK4000*": {
        "dt": [
            0.01,
            0.005,
            0.0025,
            0.00125,
            0.000625
        ],
        "error": [
            1.5607619079320043e-05,
            6.991237935786543e-06,
            1.2548381312643316e-06,
            1.8146279605867444e-07,
            2.424500816032476e-08
        ]
    },
    "RK4000": {
        "dt": [
            0.01,
            0.005,
            0.0025,
            0.00125,
            0.000625
        ],
        "error": [
            2.0232818972579618e-05,
            1.2715896189918356e-06,
            7.300971201949534e-08,
            4.302202833284186e-09,
            2.6011489372600794e-10
        ]
    },
    "RK4001": {
        "dt": [
            0.01,
            0.005,
            0.0025,
            0.00125,
            0.000625
        ],
        "error": [
            2.0277175316640744e-05,
            1.2248564167988662e-06,
            7.245315317193679e-08,
            4.480759266976716e-09,
            2.947124458914775e-10
        ]
    },
    "RK4010": {
        "dt": [
            0.01,
            0.005,
            0.0025,
            0.00125,
            0.000625
        ],
        "error": [
            2.0305584947428338e-05,
            1.2003602858832131e-06,
            6.898759206398304e-08,
            4.026342976208599e-09,
            2.373101285252035e-10
        ]
    },
    "RK4011": {
        "dt": [
            0.01,
            0.005,
            0.0025,
            0.00125,
            0.000625
        ],
        "error": [
            2.0350033149846092e-05,
            1.1547297424994263e-06,
            6.830766507505196e-08,
            4.147923631283499e-09,
            2.5543612848815116e-10
        ]
    },
    "RK4100": {
        "dt": [
            0.01,
            0.005,
            0.0025,
            0.00125,
            0.000625
        ],
        "error": [
            2.0243096367676777e-05,
            1.2610973960854239e-06,
            7.257691514661065e-08,
            4.287579938200385e-09,
            2.5964342991795213e-10
        ]
    },
    "RK4101": {
        "dt": [
            0.01,
            0.005,
            0.0025,
            0.00125,
            0.000625
        ],
        "error": [
            2.0287316567056708e-05,
            1.2147559353436789e-06,
            7.203230660852429e-08,
            4.4665195741501256e-09,
            2.9426287518220645e-10
        ]
    },
    "RK4110": {
        "dt": [
            0.01,
            0.005,
            0.0025,
            0.00125,
            0.000625
        ],
        "error": [
            2.03158656722388e-05,
            1.1901457701888607e-06,
            6.856424132346761e-08,
            4.011983196344954e-09,
            2.3685647402678624e-10
        ]
    },
    "RK4111": {
        "dt": [
            0.01,
            0.005,
            0.0025,
            0.00125,
            0.000625
        ],
        "error": [
            2.036018000226185e-05,
            1.1449337945343404e-06,
            6.789668271557955e-08,
            4.133767650147782e-09,
            2.549743101559238e-10
        ]
    }
}