{
    "RK4000**": {
        "dt": [
            0.0025,
            0.00125,
            0.000625,
            0.0003125,
            0.00015625,
            7.8125e-05
        ],
        "error": [
            8.773520449888549,
            0.06233869129040622,
            0.031210728951422136,
            0.015621924223178743,
            0.007815877484689109,
            0.00390926441194647
        ]
    },
    "RK4000*": {
        "dt": [
            0.0025,
            0.00125,
            0.000625,
            0.0003125,
            0.00015625,
            7.8125e-05
        ],
        "error": [
            8.765361679457763,
            9.933771835303042e-06,
            1.2483861302172202e-06,
            1.5614934191100217e-07,
            1.9525494072756537e-08,
            2.4437359125829284e-09
        ]
    },
    "RK4000": {
        "dt": [
            0.0025,
            0.00125,
            0.000625,
            0.0003125,
            0.00015625,
            7.8125e-05
        ],
        "error": [
            8.765362550460779,
            9.424850631360758e-08,
            5.865435883784676e-09,
            3.669448518138901e-10,
            2.294635211531197e-11,
            6.615201333764438e-12
        ]
    },
    "RK4001": {
        "dt": [
            0.0025,
            0.00125,
            0.000625,
            0.0003125,
            0.00015625,
            7.8125e-05
        ],
        "error": [
            8.76536253443844,
            8.042311639239699e-08,
            4.1914861643143915e-09,
            1.753577075301071e-10,
            1.2569725494600717e-11,
            8.459296118882039e-12
        ]
    },
    "RK4010": {
        "dt": [
            0.0025,
            0.00125,
            0.000625,
            0.0003125,
            0.00015625,
            7.8125e-05
        ],
        "error": [
            8.765362565829452,
            1.0786483101489418e-07,
            7.63041272565348e-09,
            5.894927705979963e-10,
            5.091524999030558e-11,
            8.72427052461156e-12
        ]
    },
    "RK4011": {
        "dt": [
            0.0025,
            0.00125,
            0.000625,
            0.0003125,
            0.00015625,
            7.8125e-05
        ],
        "error": [
            8.765362549860678,
            9.379211244700822e-08,
            5.861630178988113e-09,
            3.668449061580747e-10,
            2.271421516281511e-11,
            6.105161194684296e-12
        ]
    },
    "RK4100": {
        "dt": [
            0.0025,
            0.00125,
            0.000625,
            0.0003125,
            0.00015625,
            7.8125e-05
        ],
        "error": [
            8.765362550398619,
            9.419007776269744e-08,
            5.865423191983312e-09,
            3.666942260140602e-10,
            2.2980920771935726e-11,
            7.618069480440751e-12
        ]
    },
    "RK4101": {
        "dt": [
            0.0025,
            0.00125,
            0.000625,
            0.0003125,
            0.00015625,
            7.8125e-05
        ],
        "error": [
            8.76536253432164,
            8.032018392072724e-08,
            4.191085018183558e-09,
            1.7533423888257205e-10,
            1.2837688694846343e-11,
            8.495470727322764e-12
        ]
    },
    "RK4110": {
        "dt": [
            0.0025,
            0.00125,
            0.000625,
            0.0003125,
            0.00015625,
            7.8125e-05
        ],
        "error": [
            8.765362565828768,
            1.0787870926123344e-07,
            7.63007755236273e-09,
            5.896973952587453e-10,
            5.1544988527632154e-11,
            6.857167611795155e-12
        ]
    },
    "RK4111": {
        "dt": [
            0.0025,
            0.00125,
            0.000625,
            0.0003125,
            0.00015625,
            7.8125e-05
        ],
        "error": [
            8.76536254983387,
            9.378702277752178e-08,
            5.861259079610874e-09,
            3.668626982860378e-10,
            2.2716731661347078e-11,
            6.200566856197097e-12
        ]
    }
}