{
    "RK4000**": {
        "dt": [
            0.01,
            0.005,
            0.0025,
            0.00125,
            0.000625
        ],
        "error": [
            62.19913904021487,
            0.1954546386621453,
            0.08272612862121484,
            0.037977559595128406,
            0.018180091062745415
        ]
    },
    "RK4000*": {
        "dt": [
            0.01,
            0.005,
            0.0025,
            0.00125,
            0.000625
        ],
        "error": [
            61.84809461866576,
            0.0005542743062458418,
            4.418585301847389e-05,
            4.0743799540731026e-06,
            4.229548131384453e-07
        ]
    },
    "RK4000": {
        "dt": [
            0.01,
            0.005,
            0.0025,
            0.00125,
            0.000625
        ],
        "error": [
            61.847799521092874,
            0.00029015827180194775,
            1.6321406357773472e-05,
            9.689975641998219e-07,
            5.905244199683062e-08
        ]
    },
    "RK4001": {
        "dt": [
            0.01,
            0.005,
            0.0025,
            0.00125,
            0.000625
        ],
        "error": [
            61.84779720505405,
            0.0002879016984286743,
            1.6260340543446026e-05,
            9.667874444251728e-07,
            5.8918718930727766e-08
        ]
    },
    "RK4010": {
        "dt": [
            0.01,
            0.005,
            0.0025,
            0.00125,
            0.000625
        ],
        "error": [
            61.84779694065075,
            0.000287618760442506,
            1.6262992335172118e-05,
            9.681262524465226e-07,
            5.911569094760635e-08
        ]
    },
    "RK4011": {
        "dt": [
            0.01,
            0.005,
            0.0025,
            0.00125,
            0.000625
        ],
        "error": [
            61.84779448660059,
            0.0002852267998524871,
            1.6201716799428477e-05,
            9.65872293435185e-07,
            5.897211333822734e-08
        ]
    },
    "RK4100": {
        "dt": [
            0.01,
            0.005,
            0.0025,
            0.00125,
            0.000625
        ],
        "error": [
            61.84779908740469,
            0.0002897321500564944,
            1.6310605906868062e-05,
            9.687104091049488e-07,
            5.9047949427429356e-08
        ]
    },
    "RK4101": {
        "dt": [
            0.01,
            0.005,
            0.0025,
            0.00125,
            0.000625
        ],
        "error": [
            61.84779675901252,
            0.0002874641881108479,
            1.6249614622233116e-05,
            9.665021831561073e-07,
            5.891636936710352e-08
        ]
    },
    "RK4110": {
        "dt": [
            0.01,
            0.005,
            0.0025,
            0.00125,
            0.000625
        ],
        "error": [
            61.84779648456929,
            0.000287172320786105,
            1.6252208721539207e-05,
            9.678519658588925e-07,
            5.9107534533415544e-08
        ]
    },
    "RK4111": {
        "dt": [
            0.01,
            0.005,
            0.0025,
            0.00125,
            0.000625
        ],
        "error": [
            61.84779401001642,
            0.00028475972494460927,
            1.6191012699798222e-05,
            9.65598414208155e-07,
            5.895759724759263e-08
        ]
    }
}