{
    "RK20*": {
        "dt": [
            0.01,
            0.005,
            0.0025,
            0.00125,
            0.000625
        ],
        "error": [
            0.4188036743175409,
            0.24429777295367608,
            0.12843572011832638,
            0.06553231466082766,
            0.03306534956800699
        ]
    },
    "RK20": {
        "dt": [
            0.01,
            0.005,
            0.0025,
            0.00125,
            0.000625
        ],
        "error": [
            0.8863689052160983,
            0.42381756498405077,
            0.2072126835255993,
            0.10245591057441741,
            0.05094349841194756
        ]
    },
    "RK21": {
        "dt": [
            0.01,
            0.005,
            0.0025,
            0.00125,
            0.000625
        ],
        "error": [
            0.8661491320187019,
            0.42008774537864085,
            0.20642162865060582,
            0.10227439690180418,
            0.05090006590604575
        ]
    }
}