{
    "RK21": {
        "dt": [
            0.01,
            0.005,
            0.0025,
            0.00125,
            0.000625
        ],
        "error": [
            4.823303047078599,
            1.5444862637080554,
            0.6580022800530578,
            0.3074675092502103,
            0.14899620054754595
        ]
    }
}