{
    "RK300*": {
        "dt": [
            0.0025,
            0.00125,
            0.000625,
            0.0003125,
            0.00015625,
            7.8125e-05,
            3.90625e-05
        ],
        "error": [
            0.0009208140160099951,
            0.002508784581454481,
            0.0017668613431648208,
            0.0010116594119204314,
            0.0005379060005597492,
            0.0002769747897568454,
            0.00014049320224003152
        ]
    },
    "RK300**": {
        "dt": [
            0.0025,
            0.00125,
            0.000625,
            0.0003125,
            0.00015625,
            7.8125e-05,
            3.90625e-05
        ],
        "error": [
            6.282180485576823e-05,
            3.3942233299826596e-05,
            1.0765993562550056e-05,
            2.9766214959128327e-06,
            7.798037186992872e-07,
            1.9940758612000616e-07,
            5.040902311432544e-08
        ]
    },
    "RK300": {
        "dt": [
            0.0025,
            0.00125,
            0.000625,
            0.0003125,
            0.00015625,
            7.8125e-05,
            3.90625e-05
        ],
        "error": [
            3.842962960953844e-06,
            8.655116304717257e-07,
            1.3334631230379517e-07,
            1.8253440617565034e-08,
            2.3810330034244526e-09,
            3.038488222132891e-10,
            3.836420017956629e-11
        ]
    },
    "RK301": {
        "dt": [
            0.0025,
            0.00125,
            0.000625,
            0.0003125,
            0.00015625,
            7.8125e-05,
            3.90625e-05
        ],
        "error": [
            1.9869963122897695e-06,
            2.483359264049594e-07,
            3.103942580906559e-08,
            3.879839775754032e-09,
            4.849776871902656e-10,
            6.062241265491644e-11,
            7.579224291459993e-12
        ]
    },
    "RK310": {
        "dt": [
            0.0025,
            0.00125,
            0.000625,
            0.0003125,
            0.00015625,
            7.8125e-05,
            3.90625e-05
        ],
        "error": [
            3.8412987113172715e-06,
            8.654187736180618e-07,
            1.3334726882365958e-07,
            1.8253813948354336e-08,
            2.3810667102715013e-09,
            3.038471203578716e-10,
            3.83669844928912e-11
        ]
    },
    "RK311": {
        "dt": [
            0.0025,
            0.00125,
            0.000625,
            0.0003125,
            0.00015625,
            7.8125e-05,
            3.90625e-05
        ],
        "error": [
            1.986810080803698e-06,
            2.483306469214598e-07,
            3.104003237872326e-08,
            3.879922869485421e-09,
            4.849855587750802e-10,
            6.062240034425523e-11,
            7.578292830595788e-12
        ]
    }
}