{
    "RK300*": {
        "dt": [
            0.01,
            0.005,
            0.0025,
            0.00125
        ],
        "error": [
            0.41083296479952064,
            0.23896316252547603,
            0.12621894209946358,
            0.0646159100383208
        ]
    },
    "RK300**": {
        "dt": [
            0.01,
            0.005,
            0.0025,
            0.00125
        ],
        "error": [
            0.8958124812574598,
            0.42348148616055215,
            0.20637926279069982,
            0.10193007855340266
        ]
    },
    "RK300": {
        "dt": [
            0.01,
            0.005,
            0.0025,
            0.00125
        ],
        "error": [
            0.8687839950471439,
            0.41916604041501615,
            0.20552848155233897,
            0.10174255953122988
        ]
    },
    "RK301": {
        "dt": [
            0.01,
            0.005,
            0.0025,
            0.00125
        ],
        "error": [
            0.8752451347514242,
            0.419676011483256,
            0.20557859025388642,
            0.10174806533862367
        ]
    },
    "RK310": {
        "dt": [
            0.01,
            0.005,
            0.0025,
            0.00125
        ],
        "error": [
            0.8686400528604923,
            0.4191618443675851,
            0.20552831730361243,
            0.10174255189198354
        ]
    },
    "RK311": {
        "dt": [
            0.01,
            0.005,
            0.0025,
            0.00125
        ],
        "error": [
            0.8751509191245919,
            0.4196733059619886,
            0.20557849566076414,
            0.10174806151223983
        ]
    }
}