{
    "RK300*": {
        "dt": [
            0.01,
            0.005,
            0.0025,
            0.00125
        ],
        "error": [
            0.0226160715951515,
            0.16858872663922628,
            0.07705792635071257,
            0.03667187649501289
        ]
    },
    "RK300**": {
        "dt": [
            0.01,
            0.005,
            0.0025,
            0.00125
        ],
        "error": [
            0.032523240317579735,
            0.006569826894508342,
            0.0011253683930851463,
            0.00022160092118565488
        ]
    },
    "RK300": {
        "dt": [
            0.01,
            0.005,
            0.0025,
            0.00125
        ],
        "error": [
            0.026449306613401603,
            0.0025971880217176627,
            0.0003101546453044003,
            3.790447597424379e-05
        ]
    },
    "RK301": {
        "dt": [
            0.01,
            0.005,
            0.0025,
            0.00125
        ],
        "error": [
            0.028105379893002873,
            0.003063420256239705,
            0.00035792244148273453,
            4.327602532564474e-05
        ]
    },
    "RK310": {
        "dt": [
            0.01,
            0.005,
            0.0025,
            0.00125
        ],
        "error": [
            0.02640919422580289,
            0.0025935356190950223,
            0.00031000436126913614,
            3.789723725391296e-05
        ]
    },
    "RK311": {
        "dt": [
            0.01,
            0.005,
            0.0025,
            0.00125
        ],
        "error": [
            0.028101946122421777,
            0.003061121708239685,
            0.000357838175890253,
            4.327248304874483e-05
        ]
    }
}