{
    "RK4111": {
        "dt": [
            0.01,
            0.005,
            0.0025,
            0.00125,
            0.000625
        ],
        "error": [
            0.0018891503621832526,
            7.939954982511185e-05,
            4.12805809018452e-06,
            2.356518807092618e-07,
            1.4079671807693378e-08
        ]
    }
}