{
    "RK4000**": {
        "dt": [
            0.01,
            0.005,
            0.0025,
            0.00125,
            0.000625
        ],
        "error": [
            0.006879619183036976,
            0.0020503999110702124,
            0.0021050515980226545,
            0.0012987249024773882,
            0.0007084475631983684
        ]
    },
    "RK4000*": {
        "dt": [
            0.01,
            0.005,
            0.0025,
            0.00125,
            0.000625
        ],
        "error": [
            1.56111524725548e-05,
            6.987705457956041e-06,
            1.2541975035715164e-06,
            1.8137642619626135e-07,
            2.4251162527236315e-08
        ]
    },
    "RK4000": {
        "dt": [
            0.01,
            0.005,
            0.0025,
            0.00125,
            0.000625
        ],
        "error": [
            2.0234257650326404e-05,
            1.271513672471323e-06,
            7.301494562729916e-08,
            4.4973267359905875e-09,
            9.74321235212895e-10
        ]
    },
    "RK4001": {
        "dt": [
            0.01,
            0.005,
            0.0025,
            0.00125,
            0.000625
        ],
        "error": [
            2.024559380567401e-05,
            1.2482553096887354e-06,
            8.075740358942523e-08,
            7.058386779348084e-09,
            1.3727082606036456e-09
        ]
    },
    "RK4010": {
        "dt": [
            0.01,
            0.005,
            0.0025,
            0.00125,
            0.000625
        ],
        "error": [
            2.037003910282556e-05,
            1.1567762054515233e-06,
            5.4865436317394087e-08,
            4.078669122132756e-09,
            1.6647460752531545e-09
        ]
    },
    "RK4011": {
        "dt": [
            0.01,
            0.005,
            0.0025,
            0.00125,
            0.000625
        ],
        "error": [
            2.038184901682055e-05,
            1.134323116485458e-06,
            6.118283176130842e-08,
            3.1174120825135794e-09,
            1.1213498974771728e-09
        ]
    },
    "RK4100": {
        "dt": [
            0.01,
            0.005,
            0.0025,
            0.00125,
            0.000625
        ],
        "error": [
            2.0214345632506455e-05,
            1.2824825267309519e-06,
            8.061586178067179e-08,
            6.85978019262826e-09,
            1.3542419837385034e-09
        ]
    },
    "RK4101": {
        "dt": [
            0.01,
            0.005,
            0.0025,
            0.00125,
            0.000625
        ],
        "error": [
            2.0225871293448818e-05,
            1.2589709927113283e-06,
            8.857010107658057e-08,
            9.670024229632564e-09,
            1.990974706361492e-09
        ]
    },
    "RK4110": {
        "dt": [
            0.01,
            0.005,
            0.0025,
            0.00125,
            0.000625
        ],
        "error": [
            2.034945185274078e-05,
            1.167750728638525e-06,
            6.099439189684096e-08,
            2.9594726154664146e-09,
            1.1298006032119956e-09
        ]
    },
    "RK4111": {
        "dt": [
            0.01,
            0.005,
            0.0025,
            0.00125,
            0.000625
        ],
        "error": [
            2.0361451160046978e-05,
            1.1450146017463669e-06,
            6.79148746617975e-08,
            4.339791824778203e-09,
            9.786015643888053e-10
        ]
    }
}