{
    "AB2": {
        "dt": [
            0.01,
            0.005,
            0.0025,
            0.00125,
            0.000625
        ],
        "error": [
            0.12835756299433498,
            0.03540892800568827,
            0.009238307142250995,
            0.002354538623678567,
            0.0005940162139926007
        ]
    }
}