{
    "RK310": {
        "dt": [
            0.0025,
            0.00125,
            0.000625,
            0.0003125,
            0.00015625
        ],
        "error": [
            0.0003171902304594236,
            3.525654077817424e-05,
            4.172881970765916e-06,
            5.09132692418532e-07,
            6.394162572297381e-08
        ]
    }
}