{
    "RK301": {
        "dt": [
            0.0025,
            0.00125,
            0.000625,
            0.0003125,
            0.00015625
        ],
        "error": [
            0.00038232469357545246,
            4.3043209850670154e-05,
            5.1077034803071995e-06,
            6.237302384602945e-07,
            7.816174345917389e-08
        ]
    }
}