{
    "RK300": {
        "dt": [
            0.0025,
            0.00125,
            0.000625,
            0.0003125,
            0.00015625
        ],
        "error": [
            0.0003069299007648266,
            3.39304964000232e-05,
            4.01395341380734e-06,
            4.903753049393808e-07,
            6.18006757435817e-08
        ]
    }
}