{
    "RK300*": {
        "dt": [
            0.01,
            0.005,
            0.0025,
            0.00125
        ],
        "error": [
            0.025013443097210757,
            0.0502595775557264,
            0.03309927243731063,
            0.018381440047936827
        ]
    },
    "RK300**": {
        "dt": [
            0.01,
            0.005,
            0.0025,
            0.00125
        ],
        "error": [
            0.007286164022883574,
            0.0020300585191157846,
            0.0005381117953287941,
            0.00013856742413372142
        ]
    },
    "RK300": {
        "dt": [
            0.01,
            0.005,
            0.0025,
            0.00125
        ],
        "error": [
            0.0032449643753634932,
            0.00026614768423993847,
            2.5871008257649816e-05,
            2.811814296583934e-06
        ]
    },
    "RK301": {
        "dt": [
            0.01,
            0.005,
            0.0025,
            0.00125
        ],
        "error": [
            0.004447460455883542,
            0.0005061438230986035,
            6.022685022749828e-05,
            7.342584108883683e-06
        ]
    },
    "RK310": {
        "dt": [
            0.01,
            0.005,
            0.0025,
            0.00125
        ],
        "error": [
            0.0031956933630488296,
            0.00026154065684245813,
            2.5549495873802275e-05,
            2.790889791408819e-06
        ]
    },
    "RK311": {
        "dt": [
            0.01,
            0.005,
            0.0025,
            0.00125
        ],
        "error": [
            0.004407564236327309,
            0.0005023447327450523,
            5.9959212892096394e-05,
            7.3250251142335494e-06
        ]
    }
}