{
    "DIRK211": {
        "dt": [
            0.0025,
            0.00125,
            0.000625,
            0.0003125
        ],
        "error": [
            3.013394432137618e-06,
            3.7690492286245695e-07,
            4.712150462074897e-08,
            5.8904521004884554e-09
        ]
    }
}