{
    "RK21": {
        "dt": [
            0.01,
            0.005,
            0.0025,
            0.00125,
            0.000625
        ],
        "error": [
            0.29408490327391756,
            0.018003965975896707,
            0.00753006545099518,
            0.002089464186408976,
            0.0005416900941144317
        ]
    }
}