{
    "RK20*": {
        "dt": [
            0.01,
            0.005,
            0.0025,
            0.00125,
            0.000625
        ],
        "error": [
            0.5476850147009935,
            0.20210492845096628,
            0.08468100550764238,
            0.03845633030312069,
            0.018283526515559676
        ]
    },
    "RK20": {
        "dt": [
            0.01,
            0.005,
            0.0025,
            0.00125,
            0.000625
        ],
        "error": [
            0.13864981161867707,
            0.032851895012900624,
            0.007973459279479884,
            0.0019630205629278573,
            0.0004869472568100732
        ]
    },
    "RK21": {
        "dt": [
            0.01,
            0.005,
            0.0025,
            0.00125,
            0.000625
        ],
        "error": [
            0.15519541053435065,
            0.03623872769158484,
            0.008727733646393432,
            0.0021402764002942617,
            0.0005298664008248477
        ]
    }
}